Wellenlänge,Absorption,Absorption,Energie,Absorption,Extinktionskoeffizient,Parameter
nm,OD,OD,eV,OD,l/(mol*cm),
,TDBC_NaOH_c5_abs,TDBC_NaOH_c5_abs,,TDBC_NaOH_c5_abs,TDBC_NaOH_c5_abs,"1: M in g/mol  2: c in g/l 3: d in cm  "
1200,-0.00219722488,0,1.03333333333333,0,0,762.53
1199,-0.002099652542,9.75723380000001E-5,1.03419516263553,9.75723380000001E-5,449.64975307337,3.81E-4
1198,-0.001982062822,2.15162058E-4,1.03505843071786,2.15162058E-4,991.547074032991,1
1197,-0.001823972678,3.73252202E-4,1.0359231411863,3.73252202E-4,1720.08546585602,--
1196,-0.001909803133,2.87421747E-4,1.03678929765886,2.87421747E-4,1324.54669238802,--
1195,-0.001661595772,5.35629108E-4,1.03765690376569,5.35629108E-4,2468.37885703947,--
1194,-0.001588921528,6.08303352E-4,1.03852596314908,6.08303352E-4,2803.28889957011,--
1193,-0.001515874057,6.81350823E-4,1.03939647946354,6.81350823E-4,3139.91891142638,--
1192,-0.001527017681,6.70207199E-4,1.04026845637584,6.70207199E-4,3088.56493259744,--
1191,-0.001308684587,8.88540293E-4,1.04114189756507,8.88540293E-4,4094.72532413018,--
1190,-0.001328865997,8.68358883E-4,1.04201680672269,8.68358883E-4,4001.7218539953,--
1189,-0.001216178527,9.81046353E-4,1.04289318755257,9.81046353E-4,4521.02777715523,--
1188,-0.001137130195,0.001060094685,1.04377104377104,0.001060094685,4885.31199636357,--
1187,-9.765624418E-4,0.0012206624382,1.04465037910699,0.0012206624382,5625.26813616546,--
1186,-9.221656364E-4,0.0012750592436,1.04553119730186,0.0012750592436,5875.9489194433,--
1185,-5.88093244E-4,0.001609131636,1.0464135021097,0.001609131636,7415.47919851983,--
1184,-4.998808727E-4,0.0016973440073,1.0472972972973,0.0016973440073,7821.99473136544,--
1183,-6.126509397E-4,0.0015845739403,1.04818258664413,0.0015845739403,7302.30817039959,--
1182,-4.062196531E-4,0.0017910052269,1.04906937394247,0.0017910052269,8253.62059099883,--
1181,-2.243733761E-4,0.0019728515039,1.04995766299746,0.0019728515039,9091.63611083153,--
1180,-1.403310453E-4,0.0020568938347,1.05084745762712,0.0020568938347,9478.93454055585,--
1179,1.743252069E-4,0.0023715500869,1.05173876166243,0.0023715500869,10928.9879983783,--
1178,2.506743767E-4,0.0024478992567,1.05263157894737,0.0024478992567,11280.8334706875,--
1177,3.159496118E-4,0.0025131744918,1.053525913339,0.0025131744918,11581.6461184743,--
1176,4.096055636E-4,0.0026068304436,1.05442176870748,0.0026068304436,12013.247702119,--
1175,6.832018844E-4,0.0028804267644,1.05531914893617,0.0028804267644,13274.0816701388,--
1174,8.275080472E-4,0.0030247329272,1.05621805792164,0.0030247329272,13939.0983316231,--
1173,9.357237723E-4,0.0031329486523,1.05711849957374,0.0031329486523,14437.7967851733,--
1172,0.001136196428,0.003333421308,1.0580204778157,0.003333421308,15361.6496104839,--
1171,0.001179904793,0.003377129673,1.05892399658412,0.003377129673,15563.0740708621,--
1170,0.001425989089,0.003623213969,1.05982905982906,0.003623213969,16697.1223595445,--
1169,0.001658284804,0.003855509684,1.06073567151411,0.003855509684,17767.6277202928,--
1168,0.001774115488,0.003971340368,1.06164383561644,0.003971340368,18301.4187467918,--
1167,0.001845781109,0.004043005989,1.06255355612682,0.004043005989,18631.6806780627,--
1166,0.00214091246,0.00433813734,1.06346483704974,0.00433813734,19991.7561033473,--
1165,0.00221386156,0.00441108644,1.06437768240343,0.00441108644,20327.9327849179,--
1164,0.002429242013,0.004626466893,1.06529209621993,0.004626466893,21320.4863046283,--
1163,0.002393034287,0.004590259167,1.06620808254514,0.004590259167,21153.627588429,--
1162,0.002767753089,0.004964977969,1.0671256454389,0.004964977969,22880.4716945039,--
1161,0.002859776607,0.005057001487,1.06804478897502,0.005057001487,23304.5504138807,--
1160,0.003096464556,0.005293689436,1.06896551724138,0.005293689436,24395.2968283337,--
1159,0.003243035404,0.005440260284,1.06988783433995,0.005440260284,25070.7500045295,--
1158,0.003380759619,0.005577984499,1.07081174438687,0.005577984499,25705.4345937927,--
1157,0.003630391788,0.005827616668,1.07173725151253,0.005827616668,26855.8328055278,--
1156,0.003738551168,0.005935776048,1.07266435986159,0.005935776048,27354.2715998259,--
1155,0.003629321465,0.005826546345,1.07359307359307,0.005826546345,26850.9003576381,--
1154,0.003640493844,0.005837718724,1.07452339688042,0.005837718724,26902.3868502401,--
1153,0.003888499225,0.006085724105,1.07545533391154,0.006085724105,28045.2882156611,--
1152,0.003824330168,0.006021555048,1.07638888888889,0.006021555048,27749.573249448,--
1151,0.003687666031,0.005884890911,1.07732406602954,0.005884890911,27119.7738952905,--
1150,0.00391830178,0.00611552666,1.07826086956522,0.00611552666,28182.6295131168,--
1149,0.003727950621,0.005925175501,1.07919930374238,0.005925175501,27305.4203225204,--
1148,0.00364360027,0.00584082515,1.0801393728223,0.00584082515,26916.7024207437,--
1147,0.003545590444,0.005742815324,1.08108108108108,0.005742815324,26465.0365596708,--
1146,0.003403978888,0.005601203768,1.08202443280977,0.005601203768,25812.437652102,--
1145,0.003318308853,0.005515533733,1.08296943231441,0.005515533733,25417.6381538719,--
1144,0.003359446069,0.005556670949,1.08391608391608,0.005556670949,25607.2137999585,--
1143,0.003283878788,0.005481103668,1.08486439195101,0.005481103668,25258.9715630852,--
1142,0.003023132449,0.005220357329,1.08581436077058,0.005220357329,24057.355107547,--
1141,0.002998552285,0.005195777165,1.08676599474146,0.005195777165,23944.0805371139,--
1140,0.002951376606,0.005148601486,1.08771929824561,0.005148601486,23726.6773996241,--
1139,0.002898394829,0.005095619709,1.08867427568042,0.005095619709,23482.5175953828,--
1138,0.00278479117,0.00498201605,1.0896309314587,0.00498201605,22958.9895313369,--
1137,0.002716695191,0.004913920071,1.0905892700088,0.004913920071,22645.1778427962,--
1136,0.002564338734,0.004761563614,1.09154929577465,0.004761563614,21943.0624208086,--
1135,0.002603008877,0.004800233757,1.09251101321586,0.004800233757,22121.2688736586,--
1134,0.002543690149,0.004740915029,1.09347442680776,0.004740915029,21847.9060338974,--
1133,0.002721175551,0.004918400431,1.09443954104148,0.004918400431,22665.8250140024,--
1132,0.002569286386,0.004766511266,1.09540636042403,0.004766511266,21965.8630479709,--
1131,0.002676895121,0.004874120001,1.09637488947834,0.004874120001,22461.7642645769,--
1130,0.002492424333,0.004689649213,1.09734513274336,0.004689649213,21611.6540184388,--
1129,0.00241843937,0.00461566425,1.09831709477414,0.00461566425,21270.703693521,--
1128,0.002475606045,0.004672830925,1.09929078014184,0.004672830925,21534.1490697891,--
1127,0.002425103216,0.004622328096,1.1002661934339,0.004622328096,21301.4131832169,--
1126,0.002293614903,0.004490839783,1.101243339254,0.004490839783,20695.4659579646,--
1125,0.002423228929,0.004620453809,1.10222222222222,0.004620453809,21292.7757691299,--
1124,0.002213133033,0.004410357913,1.10320284697509,0.004410357913,20324.575460574,--
1123,0.002374632051,0.004571856931,1.10418521816563,0.004571856931,21068.8232161755,--
1122,0.002222655807,0.004419880687,1.10516934046346,0.004419880687,20368.4599576091,--
1121,0.002316906117,0.004514130997,1.10615521855486,0.004514130997,20802.8005656879,--
1120,0.00233030878,0.00452753366,1.10714285714286,0.00452753366,20864.5650394312,--
1119,0.002371821087,0.004569045967,1.10813226094727,0.004569045967,21055.8692448512,--
1118,0.00236297166,0.00456019654,1.10912343470483,0.00456019654,21015.0877821236,--
1117,0.00240805326,0.00460527814,1.1101163831692,0.00460527814,21222.8406219515,--
1116,0.002261399524,0.004458624404,1.11111111111111,0.004458624404,20547.0054669131,--
1115,0.002298559295,0.004495784175,1.11210762331839,0.004495784175,20718.2515618301,--
1114,0.002255544765,0.004452769645,1.11310592459605,0.004452769645,20520.0245521107,--
1113,0.002220340073,0.004417564953,1.1141060197664,0.004417564953,20357.7881909729,--
1112,0.002151526278,0.004348751158,1.11510791366906,0.004348751158,20040.6685383743,--
1111,0.002285573864,0.004482798744,1.11611161116112,0.004482798744,20658.4098488775,--
1110,0.002057806123,0.004255031003,1.11711711711712,0.004255031003,19608.7710824197,--
1109,0.00224924786,0.00444647274,1.11812443642922,0.00444647274,20491.0060635061,--
1108,0.002076766919,0.004273991799,1.11913357400722,0.004273991799,19696.1495076397,--
1107,0.002136099851,0.004333324731,1.12014453477868,0.004333324731,19969.5778047347,--
1106,0.00198623538,0.00418346026,1.12115732368897,0.00418346026,19278.9463843866,--
1105,0.00215493422,0.0043521591,1.12217194570136,0.0043521591,20056.3736071489,--
1104,0.002020042622,0.004217267502,1.1231884057971,0.004217267502,19434.7427743163,--
1103,0.002121038269,0.004318263149,1.12420670897552,0.004318263149,19900.1684130361,--
1102,0.00207408797,0.00427131285,1.12522686025408,0.00427131285,19683.8039107109,--
1101,0.002075076336,0.004272301216,1.12624886466848,0.004272301216,19688.3586701536,--
1100,0.002166693099,0.004363917979,1.12727272727273,0.004363917979,20110.5629106662,--
1099,0.002176787006,0.004374011886,1.12829845313922,0.004374011886,20157.0794017448,--
1098,0.001857323572,0.004054548452,1.12932604735883,0.004054548452,18684.8726558731,--
1097,0.0021154196,0.00431264448,1.13035551504102,0.00431264448,19874.2754890759,--
1096,0.002176787006,0.004374011886,1.13138686131387,0.004374011886,20157.0794017448,--
1095,0.001963013783,0.004160238663,1.1324200913242,0.004160238663,19171.9325977844,--
1094,0.002112402115,0.004309626995,1.13345521023766,0.004309626995,19860.3697918981,--
1093,0.002102777828,0.004300002708,1.13449222323879,0.004300002708,19816.0174850685,--
1092,0.002022227272,0.004219452152,1.13553113553114,0.004219452152,19444.8104569524,--
1091,0.002127125394,0.004324350274,1.13657195233731,0.004324350274,19928.2201570988,--
1090,0.002087613335,0.004284838215,1.13761467889908,0.004284838215,19746.1338410696,--
1089,0.001952768769,0.004149993649,1.1386593204775,0.004149993649,19124.719749248,--
1088,0.002063449938,0.004260674818,1.13970588235294,0.004260674818,19634.7798885338,--
1087,0.002067949623,0.004265174503,1.14075436982521,0.004265174503,19655.5161165532,--
1086,0.002073333599,0.004270558479,1.14180478821363,0.004270558479,19680.3274875686,--
1085,0.002020484768,0.004217709648,1.14285714285714,0.004217709648,19436.7803481184,--
1084,0.002148742788,0.004345967668,1.14391143911439,0.004345967668,20027.8411774969,--
1083,0.002052864293,0.004250089173,1.1449676823638,0.004250089173,19585.9972852065,--
1082,0.002044099616,0.004241324496,1.1460258780037,0.004241324496,19545.6063821124,--
1081,0.002095442498,0.004292667378,1.14708603145236,0.004292667378,19782.2135464644,--
1080,0.002143383725,0.004340608605,1.14814814814815,0.004340608605,20003.1446148845,--
1079,0.002166771097,0.004363995977,1.14921223354958,0.004363995977,20110.9223545635,--
1078,0.002108578337,0.004305803217,1.15027829313544,0.004305803217,19842.7483956218,--
1077,0.001982516842,0.004179741722,1.15134633240483,0.004179741722,19261.8099733119,--
1076,0.002023553709,0.004220778589,1.15241635687732,0.004220778589,19450.9231737505,--
1075,0.002131651621,0.004328876501,1.15348837209302,0.004328876501,19949.0787005612,--
1074,0.002117474563,0.004314699443,1.15456238361266,0.004314699443,19883.7455256094,--
1073,0.001965250121,0.004162475001,1.15563839701771,0.004162475001,19182.2384780174,--
1072,0.002100618789,0.004297843669,1.15671641791045,0.004297843669,19806.0678274799,--
1071,0.002167473547,0.004364698427,1.1577964519141,0.004364698427,20114.159506358,--
1070,0.001990968361,0.004188193241,1.1588785046729,0.004188193241,19300.7577274535,--
1069,0.001954823034,0.004152047914,1.1599625818522,0.004152047914,19134.186569137,--
1068,0.002134955255,0.004332180135,1.16104868913858,0.004332180135,19964.3030791381,--
1067,0.00193948159,0.00413670647,1.16213683223993,0.00413670647,19063.4874688819,--
1066,0.001979942201,0.004177167081,1.16322701688555,0.004177167081,19249.9450665808,--
1065,0.001945513999,0.004142738879,1.16431924882629,0.004142738879,19091.2870611935,--
1064,0.002005817369,0.004203042249,1.16541353383459,0.004203042249,19369.1874988154,--
1063,0.001881579403,0.004078804283,1.16650987770461,0.004078804283,18796.6525787826,--
1062,0.002029873431,0.004227098311,1.16760828625235,0.004227098311,19480.0468116077,--
1061,0.001898218645,0.004095443525,1.16870876531574,0.004095443525,18873.3324166341,--
1060,0.00193994958,0.00413717446,1.16981132075472,0.00413717446,19065.6441414825,--
1059,0.002006753581,0.004203978461,1.17091595845137,0.004203978461,19373.5019131592,--
1058,0.001863146899,0.004060371779,1.17202268431002,0.004060371779,18711.7087202874,--
1057,0.001923308708,0.004120533588,1.17313150425733,0.004120533588,18988.9567919826,--
1056,0.001904198551,0.004101423431,1.17424242424242,0.004101423431,18900.8900555245,--
1055,0.001775804907,0.003973029787,1.17535545023697,0.003973029787,18309.2042201314,--
1054,0.00178069144,0.00397791632,1.17647058823529,0.00397791632,18331.7231881286,--
1053,0.001709192409,0.003906417289,1.17758784425451,0.003906417289,18002.2289657586,--
1052,0.001794181648,0.003991406528,1.1787072243346,0.003991406528,18393.8911019088,--
1051,0.001694223611,0.003891448491,1.17982873453853,0.003891448491,17933.2471573643,--
1050,0.001718782121,0.003916007001,1.18095238095238,0.003916007001,18046.4219380828,--
1049,0.00175688311,0.00395410799,1.18207816968541,0.00395410799,18222.0055168601,--
1048,0.00156137161,0.00375859649,1.18320610687023,0.00375859649,17321.0155488017,--
1047,0.001558410004,0.003755634884,1.18433619866285,0.003755634884,17307.3673629132,--
1046,0.00158155791,0.00377878279,1.18546845124283,0.00377878279,17414.0415538818,--
1045,0.001557215001,0.003754439881,1.1866028708134,0.003754439881,17301.8603430458,--
1044,0.001511468436,0.003708693316,1.18773946360153,0.003708693316,17091.0430962949,--
1043,0.001560826087,0.003758050967,1.1888782358581,0.003758050967,17318.5015751973,--
1042,0.00147055788,0.00366778276,1.19001919385797,0.00366778276,16902.5119840908,--
1041,0.001432352117,0.003629576997,1.1911623439001,0.003629576997,16726.4455676139,--
1040,0.001467986382,0.003665211262,1.19230769230769,0.003665211262,16890.6615614769,--
1039,0.001396876527,0.003594101407,1.1934552454283,0.003594101407,16562.9608073776,--
1038,0.001381321112,0.003578545992,1.19460500963391,0.003578545992,16491.2756488883,--
1037,0.001406069729,0.003603294609,1.19575699132112,0.003603294609,16605.3265136216,--
1036,0.001290596905,0.003487821785,1.1969111969112,0.003487821785,16073.1846395765,--
1035,0.001341175754,0.003538400634,1.19806763285024,0.003538400634,16306.2708546838,--
1034,0.001325129066,0.003522353946,1.19922630560928,0.003522353946,16232.3217268393,--
1033,0.001303215162,0.003500440042,1.20038722168441,0.003500440042,16131.3342776867,--
1032,0.001106739859,0.003303964739,1.2015503875969,0.003303964739,15225.902745658,--
1031,0.001285612001,0.003482836881,1.20271580989331,0.003482836881,16050.2123412936,--
1030,0.001216504839,0.003413729719,1.20388349514563,0.003413729719,15731.7407440577,--
1029,0.001183798187,0.003381023067,1.20505344995141,0.003381023067,15581.0162836512,--
1028,0.001096385065,0.003293609945,1.20622568093385,0.003293609945,15178.1839899054,--
1027,0.001154494123,0.003351719003,1.20740019474197,0.003351719003,15445.9722187888,--
1026,0.001004993916,0.003202218796,1.20857699805068,0.003202218796,14757.0194629168,--
1025,0.001126956893,0.003324181773,1.20975609756098,0.003324181773,15319.0703844818,--
1024,0.001062000869,0.003259225749,1.2109375,0.003259225749,15019.7287805916,--
1023,9.999863105E-4,0.0031972111905,1.21212121212121,0.0031972111905,14733.9425476485,--
1022,0.001008574502,0.003205799382,1.2133072407045,0.003205799382,14773.520139684,--
1021,0.001048585284,0.003245810164,1.21449559255632,0.003245810164,14957.9047574491,--
1020,9.061770397E-4,0.0031034019197,1.2156862745098,0.0031034019197,14301.6344128243,--
1019,9.672442102E-4,0.0031644690902,1.21687929342493,0.0031644690902,14583.0547282442,--
1018,0.001022118493,0.003219343373,1.21807465618861,0.003219343373,14835.935905603,--
1017,8.724822546E-4,0.0030697071346,1.21927236971485,0.0030697071346,14146.3562662652,--
1016,8.862296236E-4,0.0030834545036,1.22047244094488,0.0030834545036,14209.7092739205,--
1015,9.867023909E-4,0.0031839272709,1.22167487684729,0.0031839272709,14672.7252878142,--
1014,9.734707419E-4,0.0031706956219,1.22287968441815,0.0031706956219,14611.748910415,--
1013,9.287454886E-4,0.0031259703686,1.22408687068115,0.0031259703686,14405.6382491896,--
1012,9.334408678E-4,0.0031306657478,1.22529644268775,0.0031306657478,14427.2763091269,--
1011,8.226581849E-4,0.0030198830649,1.22650840751731,0.0030198830649,13916.7483558991,--
1010,9.041018202E-4,0.0031013267002,1.22772277227723,0.0031013267002,14292.0710267779,--
1009,8.186642081E-4,0.0030158890881,1.22893954410307,0.0030158890881,13898.3426200245,--
1008,9.484613547E-4,0.0031456862347,1.23015873015873,0.0031456862347,14496.4963192657,--
1007,8.151889197E-4,0.0030124137997,1.23138033763654,0.0030124137997,13882.3271939011,--
1006,9.207296534E-4,0.0031179545334,1.23260437375746,0.0031179545334,14368.6982886205,--
1005,8.712112904E-4,0.0030684361704,1.23383084577114,0.0030684361704,14140.4991888352,--
1004,9.549989481E-4,0.0031522238281,1.23505976095618,0.0031522238281,14526.6239898562,--
1003,9.112613043E-4,0.0031084861843,1.23629112662014,0.0031084861843,14325.064601839,--
1002,9.819285478E-4,0.0031791534278,1.2375249500998,0.0031791534278,14650.7256369385,--
1001,9.349454776E-4,0.0031321703576,1.23876123876124,0.0031321703576,14434.2101126916,--
1000,8.834541659E-4,0.0030806790459,1.24,0.0030806790459,14196.9189288796,--
999,8.887197473E-4,0.0030859446273,1.24124124124124,0.0030859446273,14221.1846933865,--
998,9.527938091E-4,0.0031500186891,1.24248496993988,0.0031500186891,14516.4618862603,--
997,9.967432125E-4,0.0031939680925,1.24373119358074,0.0031939680925,14718.9971415551,--
996,9.844452143E-4,0.0031816700943,1.24497991967871,0.0031816700943,14662.3233755341,--
995,9.906719206E-4,0.0031878968006,1.24623115577889,0.0031878968006,14691.018362327,--
994,0.001006680424,0.003203905304,1.24748490945674,0.003203905304,14764.791521282,--
993,0.001107544405,0.003304769285,1.24874118831823,0.003304769285,15229.6103939285,--
992,0.001022040728,0.003219265608,1.25,0.003219265608,14835.5775354567,--
991,9.932405083E-4,0.0031904653883,1.25126135216953,0.0031904653883,14702.8553731922,--
990,0.001171572832,0.003368797712,1.25252525252525,0.003368797712,15524.6772846104,--
989,0.001027489547,0.003224714427,1.25379170879676,0.003224714427,14860.6877272192,--
988,0.00106420659,0.00326143147,1.25506072874494,0.00326143147,15029.8935662607,--
987,0.001203136286,0.003400361166,1.25633232016211,0.003400361166,15670.1334619262,--
986,0.001136793289,0.003334018169,1.25760649087221,0.003334018169,15364.4001687545,--
985,0.001241893042,0.003439117922,1.25888324873096,0.003439117922,15848.7390598091,--
984,0.001210430521,0.003407655401,1.26016260162602,0.003407655401,15703.7480194313,--
983,0.001250226283,0.003447451163,1.26144455747711,0.003447451163,15887.1417447786,--
982,0.001309887855,0.003507112735,1.26272912423625,0.003507112735,16162.0845376608,--
981,0.001343201147,0.003540426027,1.26401630988787,0.003540426027,16315.6046216201,--
980,0.001335722976,0.003532947856,1.26530612244898,0.003532947856,16281.1424183716,--
979,0.001404329785,0.003601554665,1.26659856996936,0.003601554665,16597.3082022232,--
978,0.001428768039,0.003625992919,1.2678936605317,0.003625992919,16709.9287984073,--
977,0.001459752908,0.003656977788,1.26919140225179,0.003656977788,16852.7186400821,--
976,0.001537367469,0.003734592349,1.27049180327869,0.003734592349,17210.3955073573,--
975,0.001699992805,0.003897217685,1.27179487179487,0.003897217685,17959.833756709,--
974,0.001711375429,0.003908600309,1.27310061601643,0.003908600309,18012.2891367464,--
973,0.001657375367,0.003854600247,1.27440904419322,0.003854600247,17763.436695143,--
972,0.00165046344,0.00384768832,1.27572016460905,0.00384768832,17731.5839556011,--
971,0.001690923236,0.003888148116,1.27703398558187,0.003888148116,17918.0377974758,--
970,0.001726344926,0.003923569806,1.27835051546392,0.003923569806,18081.2741663936,--
969,0.001766681788,0.003963906668,1.2796697626419,0.003963906668,18267.1614825103,--
968,0.001833693008,0.004030917888,1.28099173553719,0.004030917888,18575.974196685,--
967,0.001698407577,0.003895632457,1.282316442606,0.003895632457,17952.5284343873,--
966,0.001747838338,0.003945063218,1.28364389233954,0.003945063218,18180.3238314586,--
965,0.001766681788,0.003963906668,1.28497409326425,0.003963906668,18267.1614825103,--
964,0.00174214656,0.00393937144,1.28630705394191,0.00393937144,18154.0939939379,--
963,0.001796417055,0.003993641935,1.28764278296989,0.003993641935,18404.1926917463,--
962,0.001778793987,0.003976018867,1.28898128898129,0.003976018867,18322.9790164668,--
961,0.001714701997,0.003911926877,1.29032258064516,0.003911926877,18027.6192037555,--
960,0.001682503498,0.003879728378,1.29166666666667,0.003879728378,17879.2365020447,--
959,0.001680996385,0.003878221265,1.29301355578728,0.003878221265,17872.2911628,--
958,0.001591638429,0.003788863309,1.29436325678497,0.003788863309,17460.4963480592,--
957,0.001595171867,0.003792396747,1.2957157784744,0.003792396747,17476.7797492441,--
956,0.001305188402,0.003502413282,1.29707112970711,0.003502413282,16140.4277041326,--
955,0.001439987798,0.003637212678,1.29842931937173,0.003637212678,16761.6336357342,--
954,0.001394798979,0.003592023859,1.29979035639413,0.003592023859,16553.386690734,--
953,0.001316275098,0.003513499978,1.30115424973767,0.003513499978,16191.5193374887,--
952,0.001211832277,0.003409057157,1.30252100840336,0.003409057157,15710.2078342947,--
951,0.001231664908,0.003428889788,1.30389064143007,0.003428889788,15801.6040006133,--
950,0.001340215094,0.003537439974,1.30526315789474,0.003537439974,16301.8437748306,--
949,0.001324116485,0.003521341365,1.30663856691254,0.003521341365,16227.6553756382,--
948,0.001368103432,0.003565328312,1.30801687763713,0.003565328312,16430.3636458552,--
947,0.001428170712,0.003625395592,1.30939809926082,0.003625395592,16707.1760926348,--
946,0.001418067957,0.003615292837,1.3107822410148,0.003615292837,16660.6188266696,--
945,0.001538224751,0.003735449631,1.31216931216931,0.003735449631,17214.3461827999,--
944,0.001512221759,0.003709446639,1.3135593220339,0.003709446639,17094.5146898621,--
943,0.001578648109,0.003775872989,1.31495227995758,0.003775872989,17400.6321047698,--
942,0.001558020362,0.003755245242,1.31634819532909,0.003755245242,17305.5717471405,--
941,0.001520404359,0.003717629239,1.31774707757705,0.003717629239,17132.2231648758,--
940,0.001544069848,0.003741294728,1.31914893617021,0.003741294728,17241.2825714999,--
939,0.00150871498,0.00370593986,1.32055378061768,0.00370593986,17078.3541432999,--
938,0.001456765924,0.003653990804,1.32196162046908,0.003653990804,16838.9535028971,--
937,0.001459363266,0.003656588146,1.32337246531483,0.003656588146,16850.9230243095,--
936,0.001457908773,0.003655133653,1.32478632478632,0.003655133653,16844.2201776656,--
935,0.001409108285,0.003606333165,1.32620320855615,0.003606333165,16619.3293138323,--
934,0.001366259647,0.003563484527,1.32762312633833,0.003563484527,16421.8667963693,--
933,0.00137924368,0.00357646856,1.32904608788853,0.00357646856,16481.702066816,--
932,0.001387839206,0.003585064086,1.33047210300429,0.003585064086,16521.3134589652,--
931,0.001330374042,0.003527598922,1.33190118152524,0.003527598922,16256.4925339719,--
930,0.001371790771,0.003569015651,1.33333333333333,0.003569015651,16447.3562802927,--
929,0.001286313054,0.003483537934,1.33476856835307,0.003483537934,16053.4430551906,--
928,0.001336683636,0.003533908516,1.33620689655172,0.003533908516,16285.5694982247,--
927,0.001059509697,0.003256734577,1.33764832793959,0.003256734577,15008.248530168,--
926,0.001357197179,0.003554422059,1.33909287257019,0.003554422059,16380.1035611946,--
925,0.001215777942,0.003413002822,1.34054054054054,0.003413002822,15728.3909313622,--
924,0.00117728312,0.003374508,1.34199134199134,0.003374508,15550.99242312,--
923,0.001244541025,0.003441765905,1.34344528710726,0.003441765905,15860.9419538516,--
922,0.001278108917,0.003475333797,1.34490238611714,0.003475333797,16015.6353296421,--
921,0.001162877656,0.003360102536,1.34636264929425,0.003360102536,15484.6066680661,--
920,0.001172792749,0.003370017629,1.34782608695652,0.003370017629,15530.2991174891,--
919,0.001079361304,0.003276586184,1.34929270946681,0.003276586184,15099.7321449775,--
918,0.001137883402,0.003335108282,1.35076252723312,0.003335108282,15369.423816351,--
917,0.001085693249,0.003282918129,1.35223555070883,0.003282918129,15128.912110981,--
916,0.001105520059,0.003302744939,1.35371179039301,0.003302744939,15220.2814519589,--
915,9.231421864E-4,0.0031203670664,1.3551912568306,0.0031203670664,14379.8161411796,--
914,9.951605462E-4,0.0031923854262,1.35667396061269,0.0031923854262,14711.7036245032,--
913,9.141666233E-4,0.0031113915033,1.35815991237678,0.0031113915033,14338.453396222,--
912,9.535461431E-4,0.0031507710231,1.35964912280702,0.0031507710231,14519.9289221464,--
911,8.814050234E-4,0.0030786299034,1.36114160263447,0.0030786299034,14187.4757153826,--
910,8.916249499E-4,0.0030888498299,1.36263736263736,0.0030888498299,14234.5729513548,--
909,7.776372368E-4,0.0029748621168,1.36413641364136,0.0029748621168,13709.2750226651,--
908,7.744216709E-4,0.0029716465509,1.36563876651982,0.0029716465509,13694.4564947651,--
907,7.942861412E-4,0.0029915110212,1.36714443219405,0.0029915110212,13785.9993884624,--
906,7.830312243E-4,0.0029802561043,1.36865342163355,0.0029802561043,13734.1325304093,--
905,7.40270305E-4,0.002937495185,1.37016574585635,0.002937495185,13537.0742534576,--
904,6.903836038E-4,0.0028876084838,1.3716814159292,0.0028876084838,13307.1777137618,--
903,6.295368657E-4,0.0028267617457,1.37320044296788,0.0028267617457,13026.7732331191,--
902,5.908347666E-4,0.0027880596466,1.37472283813747,0.0027880596466,12848.4195146325,--
901,5.342783988E-4,0.0027315032788,1.37624861265261,0.0027315032788,12587.7866617434,--
900,4.945481778E-4,0.0026917730578,1.37777777777778,0.0026917730578,12404.6949737877,--
899,4.690481001E-4,0.0026662729801,1.37931034482759,0.0026662729801,12287.1810976607,--
898,3.827891487E-4,0.0025800140287,1.38084632516704,0.0025800140287,11889.6676528422,--
897,3.113126731E-4,0.0025085375531,1.38238573021182,0.0025085375531,11560.2773741743,--
896,2.930244373E-4,0.0024902493173,1.38392857142857,0.0024902493173,11475.9983573938,--
895,4.253852821E-4,0.0026226101621,1.3854748603352,0.0026226101621,12085.9665348592,--
894,2.192836109E-4,0.0024165084909,1.38702460850112,0.0024165084909,11136.1731050545,--
893,3.684618277E-4,0.0025656867077,1.38857782754759,0.0025656867077,11823.6420098997,--
892,1.341359166E-4,0.0023313607966,1.39013452914798,0.0023313607966,10743.7807477374,--
891,2.605945629E-4,0.0024578194429,1.39169472502806,0.0024578194429,11326.5493914772,--
890,-1.237331617E-5,0.00218485156383,1.39325842696629,0.00218485156383,10068.6115175197,--
889,9.519313608E-5,0.00229241801608,1.39482564679415,0.00229241801608,10564.3178794313,--
888,3.445559196E-5,0.00223168047196,1.3963963963964,0.00223168047196,10284.4166054059,--
887,4.245506352E-5,0.00223967994352,1.39797068771139,0.00223967994352,10321.281156214,--
886,-1.494398603E-4,0.0020477850197,1.39954853273138,0.0020477850197,9436.95772110584,--
885,-7.84274016E-5,0.0021187974784,1.40112994350282,0.0021187974784,9764.20963670089,--
884,-2.322903165E-4,0.0019649345635,1.4027149321267,0.0019649345635,9055.151894414,--
883,-2.167667699E-4,0.0019804581101,1.40430351075878,0.0019804581101,9126.69019142102,--
882,-3.979438334E-4,0.0017992810466,1.40589569160998,0.0017992810466,8291.75865718502,--
881,-1.588590094E-4,0.0020383658706,1.40749148694665,0.0020383658706,9393.55076628862,--
880,-4.683868901E-4,0.0017288379899,1.40909090909091,0.0017288379899,7967.13075853932,--
879,-5.005014245E-4,0.0016967234555,1.41069397042093,0.0016967234555,7819.13499704566,--
878,-5.896443035E-4,0.0016075805765,1.4123006833713,0.0016075805765,7408.33133739984,--
877,-5.867489963E-4,0.0016104758837,1.4139110604333,0.0016104758837,7421.67399367145,--
876,-7.35677022E-4,0.001461547858,1.41552511415525,0.001461547858,6735.35806280066,--
875,-6.863673916E-4,0.0015108574884,1.41714285714286,0.0015108574884,6962.59524485424,--
874,-9.566745721E-4,0.0012405503079,1.4187643020595,0.0012405503079,5716.91886303193,--
873,-8.670903626E-4,0.0013301345174,1.42038946162658,0.0013301345174,6129.7563383515,--
872,-0.001041282201,0.001155942679,1.42201834862385,0.001155942679,5327.01532866127,--
871,-0.001093495172,0.001103729708,1.42365097588978,0.001103729708,5086.39846943036,--
870,-0.001264602179,9.32622701E-4,1.42528735632184,9.32622701E-4,4297.8735142666,--
869,-0.001196095138,0.001001129742,1.42692750287687,0.001001129742,4613.57952993507,--
868,-0.001530164736,6.67060143999999E-4,1.42857142857143,6.67060143999999E-4,3074.06212849676,--
867,-0.001461080392,7.36144488E-4,1.43021914648212,7.36144488E-4,3392.42857187169,--
866,-0.001740651787,4.56573093E-4,1.43187066974596,4.56573093E-4,2104.0592316994,--
865,-0.001938203466,2.59021414E-4,1.43352601156069,2.59021414E-4,1193.66735729767,--
864,-0.001964746509,2.32478370999999E-4,1.43518518518519,2.32478370999999E-4,1071.34710777402,--
863,-0.001975414809,2.21810071E-4,1.43684820393975,2.21810071E-4,1022.18359935514,--
862,-0.002433079528,-2.35854648000001E-4,1.4385150812065,-2.35854648000001E-4,-1086.90625240943,--
861,-0.002367125126,-1.69900246E-4,1.44018583042973,-1.69900246E-4,-782.963750043631,--
860,-0.002538349014,-3.41124134000001E-4,1.44186046511628,-3.41124134000001E-4,-1572.02733648206,--
859,-0.002727306448,-5.30081568E-4,1.44353899883586,-5.30081568E-4,-2442.8137220607,--
858,-0.002661345294,-4.64120414000001E-4,1.44522144522145,-4.64120414000001E-4,-2138.84010395867,--
857,-0.002931609284,-7.34384404E-4,1.44690781796966,-7.34384404E-4,-3384.31744783581,--
856,-0.003197799204,-0.001000574324,1.44859813084112,-0.001000574324,-4611.01995647735,--
855,-0.003331243992,-0.001134019112,1.45029239766082,-0.001134019112,-5225.98334879791,--
854,-0.003534081858,-0.001336856978,1.4519906323185,-0.001336856978,-6160.73594600255,--
853,-0.003722042078,-0.001524817198,1.45369284876905,-0.001524817198,-7026.92679725197,--
852,-0.003809807822,-0.001612582942,1.45539906103286,-0.001612582942,-7431.38410479235,--
851,-0.00405545719,-0.00185823231,1.45710928319624,-0.00185823231,-8563.42808291071,--
850,-0.003961482551,-0.001764257671,1.45882352941176,-0.001764257671,-8130.3578696961,--
849,-0.004435765557,-0.002238540677,1.4605418138987,-0.002238540677,-10316.0309908505,--
848,-0.00443212688,-0.002234902,1.4622641509434,-0.002234902,-10299.2626090724,--
847,-0.004519339185,-0.002322114305,1.46399055489965,-0.002322114305,-10701.1694631258,--
846,-0.004744309466,-0.002547084586,1.46572104018913,-0.002547084586,-11737.9164897318,--
845,-0.004737857264,-0.002540632384,1.46745562130178,-0.002540632384,-11708.1823345855,--
844,-0.004768735729,-0.002571510849,1.46919431279621,-0.002571510849,-11850.4818269123,--
843,-0.00495027611,-0.00275305123,1.47093712930012,-0.00275305123,-12687.0876637991,--
842,-0.005265718326,-0.003068493446,1.47268408551069,-0.003068493446,-14140.7631361785,--
841,-0.005338700488,-0.003141475608,1.47443519619501,-0.003141475608,-14477.0921797857,--
840,-0.005458145402,-0.003260920522,1.47619047619048,-0.003260920522,-15027.5389271617,--
839,-0.005790077616,-0.003592852736,1.47794994040524,-0.003592852736,-16557.2064653342,--
838,-0.005522865336,-0.003325640456,1.47971360381862,-0.003325640456,-15325.7925402096,--
837,-0.005780473351,-0.003583248471,1.48148148148148,-0.003583248471,-16512.946427354,--
836,-0.005684009753,-0.003486784873,1.48325358851675,-0.003486784873,-16068.4061620457,--
835,-0.006059525535,-0.003862300655,1.48502994011976,-0.003862300655,-17798.9230494391,--
834,-0.005841773935,-0.003644549055,1.48681055155875,-0.003644549055,-16795.4423993051,--
833,-0.005942186341,-0.003744961461,1.48859543817527,-0.003744961461,-17258.1802457981,--
832,-0.005984622054,-0.003787397174,1.49038461538462,-0.003787397174,-17453.7398507339,--
831,-0.006070604082,-0.003873379202,1.49217809867629,-0.003873379202,-17849.9771291616,--
830,-0.005957761779,-0.003760536899,1.49397590361446,-0.003760536899,-17329.9576777451,--
829,-0.005811073817,-0.003613848937,1.49577804583836,-0.003613848937,-16653.9647965237,--
828,-0.005692492239,-0.003495267359,1.4975845410628,-0.003495267359,-16107.496623682,--
827,-0.005818531848,-0.003621306968,1.4993954050786,-0.003621306968,-16688.3341871348,--
826,-0.005719981622,-0.003522756742,1.50121065375303,-0.003522756742,-16234.1779611538,--
825,-0.005800448358,-0.003603223478,1.5030303030303,-0.003603223478,-16604.9987154235,--
824,-0.00551110832,-0.00331388344,1.50485436893204,-0.00331388344,-15271.6118220917,--
823,-0.005961591844,-0.003764366964,1.50668286755772,-0.003764366964,-17347.6080468641,--
822,-0.005605310667,-0.003408085787,1.50851581508516,-0.003408085787,-15705.7313987639,--
821,-0.005796003621,-0.003598778741,1.51035322777101,-0.003598778741,-16584.5157082978,--
820,-0.005533906631,-0.003336681751,1.51219512195122,-0.003336681751,-15376.6749488115,--
819,-0.005211600568,-0.003014375688,1.51404151404151,-0.003014375688,-13891.3683074763,--
818,-0.005371070467,-0.003173845587,1.5158924205379,-0.003173845587,-14626.2651253427,--
817,-0.005420515779,-0.003223290899,1.51774785801714,-0.003223290899,-14854.1275788532,--
816,-0.005183566827,-0.002986341947,1.51960784313725,-0.002986341947,-13762.178365155,--
815,-0.005181367043,-0.002984142163,1.52147239263804,-0.002984142163,-13752.040939398,--
814,-0.00487958407,-0.00268235919,1.52334152334152,-0.00268235919,-12361.3123571722,--
813,-0.004927140195,-0.002729915315,1.52521525215252,-0.002729915315,-12580.4687318342,--
812,-0.004976789467,-0.002779564587,1.52709359605911,-0.002779564587,-12809.2711091542,--
811,-0.004650074057,-0.002452849177,1.52897657213317,-0.002452849177,-11303.6445510229,--
810,-0.004535324872,-0.002338099992,1.53086419753086,-0.002338099992,-10774.8374755932,--
809,-0.004389436916,-0.002192212036,1.5327564894932,-0.002192212036,-10102.5313206277,--
808,-0.004400301725,-0.002203076845,1.53465346534653,-0.002203076845,-10152.6004158669,--
807,-0.004305427894,-0.002108203014,1.5365551425031,-0.002108203014,-9715.38639028648,--
806,-0.004136027768,-0.001938802888,1.53846153846154,-0.001938802888,-8934.72737987619,--
805,-0.004346639849,-0.002149414969,1.54037267080745,-0.002149414969,-9905.3064615819,--
804,-0.004327571951,-0.002130347071,1.54228855721393,-0.002130347071,-9817.43447036931,--
803,-0.003787739668,-0.001590514788,1.54420921544209,-0.001590514788,-7329.68581406487,--
802,-0.003677895991,-0.001480671111,1.54613466334165,-0.001480671111,-6823.4851505149,--
801,-0.003613260109,-0.001416035229,1.54806491885144,-0.001416035229,-6525.61888045607,--
800,-0.003330833046,-0.001133608166,1.55,-0.001133608166,-5224.08955624139,--
799,4.973729374E-4,0.0026945978174,1.55193992490613,0.0026945978174,12417.7125203861,--
798,5.001718528E-4,0.0026973967328,1.55388471177945,0.0026973967328,12430.6109672644,--
797,5.581493606E-4,0.0027553742406,1.55583437892095,0.0027553742406,12697.7929637241,--
796,3.069089144E-4,0.0025041337944,1.55778894472362,0.0025041337944,11539.9832103504,--
795,5.717312451E-4,0.0027689561251,1.55974842767296,0.0027689561251,12760.3833570351,--
794,3.56000266E-4,0.002553225146,1.56171284634761,0.002553225146,11766.2144822195,--
793,5.61492925E-4,0.002758717805,1.56368221941992,0.002758717805,12713.2013564885,--
792,9.139850736E-4,0.0031112099536,1.56565656565657,0.0031112099536,14337.6167474397,--
791,0.001800550031,0.003997774911,1.56763590391909,0.003997774911,18423.238987817,--
790,3.978165041E-4,0.0025950413841,1.56962025316456,0.0025950413841,11958.9193155927,--
789,1.482224616E-4,0.0023454473416,1.57160963244613,0.0023454473416,10808.6968050005,--
788,1.627755846E-4,0.0023600004646,1.57360406091371,0.0023600004646,10875.7630278412,--
787,6.861056318E-4,0.0028833305118,1.57560355781449,0.0028833305118,13287.4632220023,--
786,5.341487704E-4,0.0027313736504,1.57760814249364,0.0027313736504,12587.1892856915,--
785,4.966473207E-4,0.0026938722007,1.5796178343949,0.0026938722007,12414.368607791,--
784,7.489051204E-4,0.0029461300004,1.58163265306122,0.0029461300004,13576.8667058271,--
783,7.2074536E-4,0.00291797024,1.58365261813538,0.00291797024,13447.0960190729,--
782,4.940039362E-4,0.0026912288162,1.58567774936061,0.0026912288162,12402.1869053529,--
781,3.554562281E-4,0.0025526811081,1.58770806658131,0.0025526811081,11763.7073525103,--
780,4.389889655E-4,0.0026362138455,1.58974358974359,0.0026362138455,12148.657385638,--
779,4.521525116E-4,0.0026493773916,1.59178433889602,0.0026493773916,12209.3199194541,--
778,7.467788528E-4,0.0029440037328,1.59383033419023,0.0029440037328,13567.0680710817,--
777,6.532315747E-4,0.0028504564547,1.5958815958816,0.0028504564547,13135.9672964098,--
776,5.994666135E-4,0.0027966914935,1.5979381443299,0.0027966914935,12888.1982870459,--
775,5.820734659E-4,0.0027792983459,1.6,0.0027792983459,12808.044170789,--
774,5.332675646E-4,0.0027304924446,1.60206718346253,0.0027304924446,12583.1283604487,--
773,3.939041635E-4,0.0025911290435,1.60413971539457,0.0025911290435,11940.8897897989,--
772,7.129408186E-4,0.0029101656986,1.60621761658031,0.0029101656986,13411.1297792011,--
771,6.024476024E-4,0.0027996724824,1.6083009079118,0.0027996724824,12901.9357965724,--
770,6.965543143E-4,0.0028937791943,1.61038961038961,0.0028937791943,13335.6146510074,--
769,6.122721243E-4,0.0028094970043,1.61248374512354,0.0028094970043,12947.2108605603,--
768,6.732461043E-4,0.0028704709843,1.61458333333333,0.0028704709843,13228.2017193722,--
767,5.439717788E-4,0.0027411966588,1.61668839634941,0.0027411966588,12632.4573749064,--
766,8.687990485E-4,0.0030660239285,1.61879895561358,0.0030660239285,14129.3826777735,--
765,6.626165123E-4,0.0028598413923,1.62091503267974,0.0028598413923,13179.2165918654,--
764,6.458690041E-4,0.0028430938841,1.62303664921466,0.0028430938841,13102.0378229532,--
763,6.702127866E-4,0.0028674376666,1.62516382699869,0.0028674376666,13214.2230592032,--
762,8.706406225E-4,0.0030678655025,1.62729658792651,0.0030678655025,14137.8693381461,--
761,7.12551875E-4,0.002909776755,1.62943495400788,0.002909776755,13409.3373819164,--
760,6.817240501E-4,0.0028789489301,1.63157894736842,0.0028789489301,13267.2712580722,--
759,7.075477042E-4,0.0029047725842,1.63372859025033,0.0029047725842,13386.2762950276,--
758,8.984210435E-4,0.0030956459235,1.63588390501319,0.0030956459235,14265.8918873539,--
757,5.390990991E-4,0.0027363239791,1.63804491413474,0.0027363239791,12610.0022480865,--
756,7.32595101E-4,0.002929819981,1.64021164021164,0.002929819981,13501.7040486011,--
755,7.882177597E-4,0.0029854426397,1.64238410596026,0.0029854426397,13758.0340214438,--
754,7.550767041E-4,0.0029523015841,1.64456233421751,0.0029523015841,13605.3076671042,--
753,6.480466691E-4,0.0028452715491,1.64674634794157,0.0028452715491,13112.0733161021,--
752,8.230212261E-4,0.0030202461061,1.64893617021277,0.0030202461061,13918.4213852564,--
751,6.66660897E-4,0.002863885777,1.65113182423435,0.002863885777,13197.8546261583,--
750,7.952715969E-4,0.0029924964769,1.65333333333333,0.0029924964769,13790.5407361563,--
749,8.276377339E-4,0.0030248626139,1.65554072096128,0.0030248626139,13939.6959763432,--
748,6.898909924E-4,0.0028871158724,1.65775401069519,0.0028871158724,13304.9075765599,--
747,7.412816049E-4,0.0029385064849,1.65997322623829,0.0029385064849,13541.7347008717,--
746,7.267609471E-4,0.0029239858271,1.66219839142091,0.0029239858271,13474.8180897904,--
745,7.340730517E-4,0.0029312979317,1.66442953020134,0.0029312979317,13508.5149970823,--
744,8.738310426E-4,0.0030710559226,1.66666666666667,0.0030710559226,14152.5719848139,--
743,7.848464884E-4,0.0029820713684,1.66890982503365,0.0029820713684,13742.4979449424,--
742,9.151783306E-4,0.0031124032106,1.6711590296496,0.0031124032106,14343.1157210874,--
741,9.199773776E-4,0.0031172022576,1.67341430499325,0.0031172022576,14365.2315209418,--
740,7.675496745E-4,0.0029647745545,1.67567567567568,0.0029647745545,13662.7877703323,--
739,7.159226225E-4,0.0029131475025,1.67794316644114,0.0029131475025,13424.8710445519,--
738,9.199773776E-4,0.0031172022576,1.68021680216802,0.0031172022576,14365.2315209418,--
737,9.103015182E-4,0.0031075263982,1.68249660786974,0.0031075263982,14320.6415492432,--
736,8.460003301E-4,0.0030432252101,1.68478260869565,0.0030432252101,14024.3176736025,--
735,8.656606078E-4,0.0030628854878,1.68707482993197,0.0030628854878,14114.9195715826,--
734,9.637937183E-4,0.0031610185983,1.68937329700272,0.0031610185983,14567.1535736483,--
733,8.910801844E-4,0.0030883050644,1.69167803547067,0.0030883050644,14232.0624685932,--
732,9.434285457E-4,0.0031406534257,1.69398907103825,0.0031406534257,14473.303256862,--
731,9.140110342E-4,0.0031112359142,1.69630642954856,0.0031112359142,14337.7363835745,--
730,8.133216179E-4,0.0030105464979,1.6986301369863,0.0030105464979,13873.7219702231,--
729,7.761850138E-4,0.0029734098938,1.70096021947874,0.0029734098938,13702.5826370286,--
728,9.104831261E-4,0.0031077080061,1.7032967032967,0.0031077080061,14321.4784662329,--
727,8.436401258E-4,0.0030408650058,1.70563961485557,0.0030408650058,14013.440971225,--
726,6.885168841E-4,0.0028857417641,1.70798898071625,0.0028857417641,13298.5751726178,--
725,8.78110819E-4,0.003075335699,1.71034482758621,0.003075335699,14172.2947919221,--
724,9.42079525E-4,0.003139304405,1.71270718232044,0.003139304405,14467.0864659448,--
723,8.507726598E-4,0.0030479975398,1.71507607192254,0.0030479975398,14046.3103501661,--
722,9.545060457E-4,0.0031517309257,1.71745152354571,0.0031517309257,14524.3525116176,--
721,9.361128905E-4,0.0031333377705,1.71983356449376,0.0031333377705,14439.58998708,--
720,7.980724331E-4,0.0029952973131,1.72222222222222,0.0029952973131,13803.4480347979,--
719,0.001025569509,0.003222794389,1.72461752433936,0.003222794389,14851.8394754473,--
718,9.940188611E-4,0.0031912437411,1.72701949860724,0.0031912437411,14706.4423134203,--
717,8.204018231E-4,0.0030176267031,1.72942817294282,0.0030176267031,13906.3501985216,--
716,7.691055653E-4,0.0029663304453,1.73184357541899,0.0029663304453,13669.957895886,--
715,9.073962574E-4,0.0031046211374,1.73426573426573,0.0031046211374,14307.2530230676,--
714,7.434856961E-4,0.0029407105761,1.73669467787115,0.0029407105761,13551.891975814,--
713,7.318690186E-4,0.0029290938986,1.73913043478261,0.0029290938986,13498.3579898865,--
712,0.001015917282,0.003213142162,1.74157303370787,0.003213142162,14807.3584106689,--
711,8.250182727E-4,0.0030222431527,1.74402250351617,0.0030222431527,13927.6245214011,--
710,7.734880783E-4,0.0029707129583,1.74647887323944,0.0029707129583,13690.1541515942,--
709,0.001182033215,0.003379258095,1.74894217207334,0.003379258095,15572.8826338868,--
708,9.546876536E-4,0.0031519125336,1.75141242937853,0.0031519125336,14525.1894286073,--
707,9.646757971E-4,0.0031619006771,1.75388967468175,0.0031619006771,14571.2185220009,--
706,9.451666847E-4,0.0031423915647,1.75637393767705,0.0031423915647,14481.3132501467,--
705,0.001046872698,0.003244097578,1.75886524822695,0.003244097578,14950.0125219262,--
704,8.131401264E-4,0.0030103650064,1.76136363636364,0.0030103650064,13872.8855896481,--
703,9.875586256E-4,0.0031847835056,1.76386913229018,0.0031847835056,14676.6711369075,--
702,0.001025102451,0.003222327331,1.76638176638177,0.003222327331,14849.6870978506,--
701,0.001012414461,0.003209639341,1.76890156918688,0.003209639341,14791.2161040481,--
700,0.001055202214,0.003252427094,1.77142857142857,0.003252427094,14988.3980407053,--
699,0.001022300217,0.003219525097,1.77396280400572,0.003219525097,14836.7733576248,--
698,8.576718974E-4,0.0030548967774,1.77650429799427,0.0030548967774,14078.1046122164,--
697,0.001031667111,0.003228891991,1.77905308464849,0.003228891991,14879.9395014367,--
696,0.001061637537,0.003258862417,1.7816091954023,0.003258862417,15018.0544111194,--
695,0.001134197926,0.003331422806,1.7841726618705,0.003331422806,15352.4397673128,--
694,8.068640018E-4,0.0030040888818,1.78674351585014,0.0030040888818,13843.9628648831,--
693,0.001061689458,0.003258914338,1.78932178932179,0.003258914338,15018.2936824673,--
692,0.001147953561,0.003345178441,1.79190751445087,0.003345178441,15415.8308677815,--
691,0.001127268421,0.003324493301,1.794500723589,0.003324493301,15320.5060217858,--
690,0.001066023018,0.003263247898,1.79710144927536,0.003263247898,15038.2643444794,--
689,0.001013971283,0.003211196163,1.79970972423803,0.003211196163,14798.3905209189,--
688,0.001043213997,0.003240438877,1.80232558139535,0.003240438877,14933.151862082,--
687,0.001180086401,0.003377311281,1.80494905385735,0.003377311281,15563.9109883126,--
686,0.001004345249,0.003201570129,1.80758017492711,0.003201570129,14754.0301632613,--
685,0.001163215144,0.003360440024,1.81021897810219,0.003360440024,15486.1619387399,--
684,0.001099369489,0.003296594369,1.81286549707602,0.003296594369,15191.9373296549,--
683,9.977809386E-4,0.0031950058186,1.81551976573939,0.0031950058186,14723.7793707625,--
682,0.001077363151,0.003274588031,1.81818181818182,0.003274588031,15090.5239101287,--
681,0.001309628249,0.003506853129,1.8208516886931,0.003506853129,16160.8881763131,--
680,0.001208276022,0.003405500902,1.82352941176471,0.003405500902,15693.8192838572,--
679,0.001013556146,0.003210781026,1.82621502209131,0.003210781026,14796.4774146701,--
678,0.00117588148,0.00337310636,1.82890855457227,0.00337310636,15544.5331428279,--
677,0.001068566111,0.003265790991,1.83161004431315,0.003265790991,15049.9838662509,--
676,0.001224422245,0.003421647125,1.83431952662722,0.003421647125,15768.2271061338,--
675,0.001229951507,0.003427176387,1.83703703703704,0.003427176387,15793.7080092662,--
674,0.001235143514,0.003432368394,1.83976261127596,0.003432368394,15817.6347154758,--
673,0.001103988965,0.003301213845,1.84249628528975,0.003301213845,15213.2255993152,--
672,0.001201630803,0.003398855683,1.8452380952381,0.003398855683,15663.19563433,--
671,0.001103807241,0.003301032121,1.84798807749627,0.003301032121,15212.3881472934,--
670,0.001298282063,0.003495506943,1.85074626865672,0.003495506943,16108.6007161804,--
669,0.001129837707,0.003327062587,1.85351270553064,0.003327062587,15332.3462506781,--
668,0.001348368474,0.003545593354,1.8562874251497,0.003545593354,16339.4175931777,--
667,0.001159944688,0.003357169568,1.85907046476762,0.003357169568,15471.0904567709,--
666,0.001201423118,0.003398647998,1.86186186186186,0.003398647998,15662.2385443301,--
665,0.001185770961,0.003382995841,1.86466165413534,0.003382995841,15590.1075625951,--
664,0.001314405585,0.003511630465,1.86746987951807,0.003511630465,16182.9039237757,--
663,0.001131576602,0.003328801482,1.87028657616893,0.003328801482,15340.359727893,--
662,0.001274110749,0.003471335629,1.87311178247734,0.003471335629,15997.2102791535,--
661,0.001091168961,0.003288393841,1.87594553706505,0.003288393841,15154.1462357255,--
660,0.001314249821,0.003511474701,1.87878787878788,0.003511474701,16182.1861051237,--
659,0.001205187058,0.003402411938,1.88163884673748,0.003402411938,15679.5841847674,--
658,0.001343694516,0.003540919396,1.88449848024316,0.003540919396,16317.8782501256,--
657,0.001163137262,0.003360362142,1.88736681887367,0.003360362142,15485.8030294139,--
656,0.001413419261,0.003610644141,1.89024390243902,0.003610644141,16639.1959003427,--
655,0.001210170914,0.003407395794,1.89312977099237,0.003407395794,15702.5516534751,--
654,0.001371790771,0.003569015651,1.8960244648318,0.003569015651,16447.3562802927,--
653,0.001297425246,0.003494650126,1.8989280245023,0.003494650126,16104.6521836314,--
652,0.001363195595,0.003560420475,1.90184049079755,0.003560420475,16407.7465010741,--
651,0.001281873439,0.003479098319,1.9047619047619,0.003479098319,16032.9836521528,--
650,0.001340396819,0.003537621699,1.90769230769231,0.003537621699,16302.6812314607,--
649,0.001305240323,0.003502465203,1.91063174114022,0.003502465203,16140.6669754805,--
648,0.001307940576,0.003505165456,1.91358024691358,0.003505165456,16153.1107491931,--
647,0.001399031957,0.003596256837,1.91653786707883,0.003596256837,16572.8938333472,--
646,0.001391189289,0.003588414169,1.91950464396285,0.003588414169,16536.7518918715,--
645,0.001365324832,0.003562549712,1.92248062015504,0.003562549712,16417.5588199229,--
644,0.001376205357,0.003573430237,1.92546583850932,0.003573430237,16467.7003403563,--
643,0.001413704944,0.003610929824,1.92846034214619,0.003610929824,16640.51243424,--
642,0.001360027585,0.003557252465,1.93146417445483,0.003557252465,16393.1471285118,--
641,0.001399135799,0.003596360679,1.93447737909516,0.003596360679,16573.3723760429,--
640,0.001424327027,0.003621551907,1.9375,0.003621551907,16689.462957472,--
639,0.001431546989,0.003628771869,1.94053208137715,0.003628771869,16722.7352372702,--
638,0.001430819742,0.003628044622,1.9435736677116,0.003628044622,16719.3838116441,--
637,0.001446740585,0.003643965465,1.94662480376766,0.003643965465,16792.752998756,--
636,0.001466350048,0.003663574928,1.9496855345912,0.003663574928,16883.1207236316,--
635,0.001451857155,0.003649082035,1.95275590551181,0.003649082035,16816.3320631122,--
634,0.001582233468,0.003779458348,1.95583596214511,0.003779458348,17417.1547773026,--
633,0.00155659148,0.00375381636,1.95892575039494,0.00375381636,17298.9869255441,--
632,0.001346732606,0.003543957486,1.9620253164557,0.003543957486,16331.8789028343,--
631,0.001576335868,0.003773560748,1.96513470681458,0.003773560748,17389.9764351814,--
630,0.001478921506,0.003676146386,1.96825396825397,0.003676146386,16941.0546944817,--
629,0.001402070397,0.003599295277,1.97138314785374,0.003599295277,16586.8960989865,--
628,0.00147409027,0.00367131515,1.97452229299363,0.00367131515,16918.7905557005,--
627,0.001573737944,0.003770962824,1.97767145135566,0.003770962824,17378.0042316958,--
626,0.001419937937,0.003617162817,1.98083067092652,0.003617162817,16669.2363924929,--
625,0.001557604643,0.003754829523,1.984,0.003754829523,17303.6559588184,--
624,0.001573322224,0.003770547104,1.98717948717949,0.003770547104,17376.0884387654,--
623,0.001473259064,0.003670483944,1.99036918138042,0.003670483944,16914.960048199,--
622,0.001532431808,0.003729656688,1.9935691318328,0.003729656688,17187.6501391987,--
621,0.001760391868,0.003957616748,1.99677938808374,0.003957616748,18238.175183393,--
620,0.001473648706,0.003670873586,2,0.003670873586,16916.7556639716,--
619,0.001627493766,0.003824718646,2.0032310177706,0.003824718646,17625.7311242148,--
618,0.001476298086,0.003673522966,2.00647249190939,0.003673522966,16928.9649959115,--
617,0.001674058032,0.003871282912,2.0097244732577,0.003871282912,17840.3166423864,--
616,0.001581687829,0.003778912709,2.01298701298701,0.003778912709,17414.640269127,--
615,0.001886701095,0.004083925975,2.01626016260163,0.004083925975,18820.2552472266,--
614,0.001600030344,0.003797255224,2.01954397394137,0.003797255224,17499.1694247212,--
613,0.001738377963,0.003935602843,2.02283849918434,0.003935602843,18136.7268923063,--
612,0.001785370056,0.003982594936,2.02614379084967,0.003982594936,18353.2839969833,--
611,0.00166579464,0.00386301952,2.02945990180033,0.00386301952,17802.2358476806,--
610,0.001684036804,0.003881261684,2.0327868852459,0.003881261684,17886.3025484101,--
609,0.001951156533,0.004148381413,2.03612479474548,0.004148381413,19117.2899639814,--
608,0.001932513202,0.004129738082,2.03947368421053,0.004129738082,19031.3745359775,--
607,0.001961687813,0.004158912693,2.04283360790774,0.004158912693,19165.8220330966,--
606,0.001872636029,0.004069860909,2.04620462046205,0.004069860909,18755.4381732126,--
605,0.002189353108,0.004386577988,2.0495867768595,0.004386577988,20214.9886901478,--
604,0.001962259877,0.004159484757,2.05298013245033,0.004159484757,19168.4583175356,--
603,0.002152644796,0.004349869676,2.05638474295191,0.004349869676,20045.8230868131,--
602,0.002163649304,0.004360874184,2.05980066445183,0.004360874184,20096.5359671881,--
601,0.002198927337,0.004396152217,2.06322795341098,0.004396152217,20259.1103110289,--
600,0.002400816884,0.004598041764,2.06666666666667,0.004598041764,21189.4927003147,--
599,0.002606159775,0.004803384655,2.07011686143573,0.004803384655,22135.7893877377,--
598,0.002684943378,0.004882168258,2.07357859531773,0.004882168258,22498.8536369021,--
597,0.002868010662,0.005065235542,2.07705192629816,0.005065235542,23342.4960127403,--
596,0.003165271832,0.005362496712,2.08053691275168,0.005362496712,24712.386438947,--
595,0.003273211187,0.005470436067,2.08403361344538,0.005470436067,25209.8112759192,--
594,0.003646236844,0.005843461724,2.08754208754209,0.005843461724,26928.8527378557,--
593,0.004357636906,0.006554861786,2.09106239460371,0.006554861786,30207.2497586863,--
592,0.004951527808,0.007148752688,2.09459459459459,0.007148752688,32944.1207091069,--
591,0.005558764096,0.007755988976,2.09813874788494,0.007755988976,35742.4921794758,--
590,0.00667617796,0.00887340284,2.10169491525424,0.00887340284,40891.9523474628,--
589,0.007688722573,0.009885947453,2.10526315789474,0.009885947453,45558.1358636477,--
588,0.008447901346,0.010645126226,2.10884353741497,0.010645126226,49056.7150185101,--
587,0.008920354769,0.011117579649,2.11243611584327,0.011117579649,51233.9567382957,--
586,0.00882011652,0.0110173414,2.1160409556314,0.0110173414,50772.021472264,--
585,0.008192742243,0.010389967123,2.11965811965812,0.010389967123,47880.8466319355,--
584,0.007643142249,0.009840367129,2.12328767123288,0.009840367129,45348.0847174754,--
583,0.00680371467,0.00900093955,2.12692967409949,0.00900093955,41479.6891111272,--
582,0.00614096364,0.00833818852,2.13058419243986,0.00833818852,38425.4849883499,--
581,0.005362110678,0.007559335558,2.1342512908778,0.007559335558,34836.2398270444,--
580,0.005203741137,0.007400966017,2.13793103448276,0.007400966017,34106.4138695585,--
579,0.00463184854,0.00682907342,2.14162348877375,0.00682907342,31470.9193196017,--
578,0.004226477351,0.006423702231,2.14532871972318,0.006423702231,29602.8175730093,--
577,0.003945755307,0.006142980187,2.14904679376083,0.006142980187,28309.145612757,--
576,0.003766828915,0.005964053795,2.15277777777778,0.005964053795,27484.5860128722,--
575,0.003213018412,0.005410243292,2.15652173913043,0.005410243292,24932.4205013377,--
574,0.003322769422,0.005519994302,2.1602787456446,0.005519994302,25438.194120763,--
573,0.002889821306,0.005087046186,2.16404886561955,0.005087046186,23443.0076012704,--
572,0.002953644143,0.005150869023,2.16783216783217,0.005150869023,23737.1270564944,--
571,0.002814856824,0.005012081704,2.17162872154116,0.005012081704,23097.5432871881,--
570,0.002942176536,0.005139401416,2.17543859649123,0.005139401416,23684.2800430725,--
569,0.002664028667,0.004861253547,2.1792618629174,0.004861253547,22402.4708420494,--
568,0.002830854384,0.005028079264,2.1830985915493,0.005028079264,23171.2660148712,--
567,0.00255944347,0.00475666835,2.18694885361552,0.00475666835,21920.5032171045,--
566,0.00253853458,0.00473575946,2.19081272084806,0.00473575946,21824.1472475926,--
565,0.002468967345,0.004666192225,2.19469026548673,0.004666192225,21503.5554622471,--
564,0.002602227498,0.004799452378,2.19858156028369,0.004799452378,22117.6679875714,--
563,0.002307641553,0.004504866433,2.20248667850799,0.004504866433,20760.1059967115,--
562,0.002550590318,0.004747815198,2.20640569395018,0.004747815198,21879.7045881865,--
561,0.002392253373,0.004589478253,2.21033868092692,0.004589478253,21150.0288452353,--
560,0.002348605078,0.004545829958,2.21428571428571,0.004545829958,20948.8812098386,--
559,0.002306522336,0.004503747216,2.21824686940966,0.004503747216,20754.9482270198,--
558,0.002461469732,0.004658694612,2.22222222222222,0.004658694612,21469.0036630057,--
557,0.002204651246,0.004401876126,2.2262118491921,0.004401876126,20285.4882201906,--
556,0.0023047789,0.00450200378,2.23021582733813,0.00450200378,20746.9138231819,--
555,0.002392956056,0.004590180936,2.23423423423423,0.004590180936,21153.2670707807,--
554,0.002258172957,0.004455397837,2.23826714801444,0.004455397837,20532.1362418381,--
553,0.002314902144,0.004512127024,2.24231464737794,0.004512127024,20793.5655101067,--
552,0.002420625882,0.004617850762,2.2463768115942,0.004617850762,21280.7799569481,--
551,0.002272953046,0.004470177926,2.25045372050817,0.004470177926,20600.2484087234,--
550,0.002362711588,0.004559936468,2.25454545454545,0.004559936468,21013.8892732739,--
549,0.002546528354,0.004743753234,2.25865209471767,0.004743753234,21860.9855419176,--
548,0.002441502875,0.004638727755,2.26277372262774,0.004638727755,21376.9889331783,--
547,0.002581108361,0.004778333241,2.26691042047532,0.004778333241,22020.3431214072,--
546,0.002734590787,0.004931815667,2.27106227106227,0.004931815667,22727.6474288227,--
545,0.002786875237,0.004984100117,2.27522935779817,0.004984100117,22968.5936899657,--
544,0.002901521977,0.005098746857,2.27941176470588,0.005098746857,23496.9286605971,--
543,0.003388742683,0.005585967563,2.28360957642726,0.005585967563,25742.2235324401,--
542,0.003561275778,0.005758500658,2.28782287822878,0.005758500658,26537.3204334053,--
541,0.00380218518,0.00599941006,2.29205175600739,0.00599941006,27647.5208789697,--
540,0.004260929767,0.006458154647,2.2962962962963,0.006458154647,29761.5871655467,--
539,0.004664083477,0.006861308357,2.30055658627087,0.006861308357,31619.4699412173,--
538,0.005077144597,0.007274369477,2.30483271375465,0.007274369477,33523.0097601792,--
537,0.005993411411,0.008190636291,2.30912476722533,0.008190636291,37745.5092421986,--
536,0.00688423682,0.0090814617,2.3134328358209,0.0090814617,41850.7652337926,--
535,0.007736837026,0.009934061906,2.31775700934579,0.009934061906,45779.8652221336,--
534,0.008818981238,0.011016206118,2.32209737827715,0.011016206118,50766.789669056,--
533,0.01047830749,0.01267553237,2.32645403377111,0.01267553237,58413.5843936013,--
532,0.01185196824,0.01404919312,2.33082706766917,0.01404919312,64743.9258582496,--
531,0.01348948665,0.01568671153,2.33521657250471,0.01568671153,72290.2219069268,--
530,0.01545901783,0.01765624271,2.33962264150943,0.01765624271,81366.5567258926,--
529,0.01760702208,0.01980424696,2.34404536862004,0.01980424696,91265.3620677617,--
528,0.01978835091,0.02198557579,2.34848484848485,0.02198557579,101317.739512907,--
527,0.02248776332,0.0246849882,2.35294117647059,0.0246849882,113757.639473075,--
526,0.02504330501,0.02724052989,2.3574144486692,0.02724052989,125534.529454713,--
525,0.02797295153,0.03017017641,2.36190476190476,0.03017017641,139035.434130281,--
524,0.03072121367,0.03291843855,2.36641221374046,0.03291843855,151700.451879798,--
523,0.03348879516,0.03568602004,2.37093690248566,0.03568602004,164454.5004052,--
522,0.03617443517,0.03837166005,2.37547892720307,0.03837166005,176830.932005521,--
521,0.0389611572,0.04115838208,2.38003838771593,0.04115838208,189673.187283586,
520,0.04112031311,0.04331753799,2.38461538461538,0.04331753799,199623.383637172,
519,0.04329308867,0.04549031355,2.38921001926782,0.04549031355,209636.344421588,
518,0.04498488829,0.04718211317,2.39382239382239,0.04718211317,217432.788546793,
517,0.04629822075,0.04849544563,2.39845261121857,0.04849544563,223485.114733158,
516,0.04727361351,0.04947083839,2.4031007751938,0.04947083839,227980.088643526,
515,0.04787287116,0.05007009604,2.40776699029126,0.05007009604,230741.691571907,
514,0.04816537723,0.05036260211,2.4124513618677,0.05036260211,232089.668722439,
513,0.04788547009,0.05008269497,2.41715399610136,0.05008269497,230799.752143987,
512,0.04739543051,0.04959265539,2.421875,0.04959265539,228541.466848588,
511,0.04679867625,0.04899590113,2.426614481409,0.04899590113,225791.400475734,
510,0.0458618626,0.04805908748,2.43137254901961,0.04805908748,221474.213504174,
509,0.04460956901,0.04680679389,2.43614931237721,0.04680679389,215703.177213962,
508,0.04346374422,0.0456609691,2.44094488188976,0.0456609691,210422.788894387,
507,0.04194238037,0.04413960525,2.44575936883629,0.04413960525,203411.776413705,
506,0.04058446363,0.04278168851,2.45059288537549,0.04278168851,197153.989223701,
505,0.03923012689,0.04142735177,2.45544554455446,0.04142735177,190912.700009957,
504,0.03773676232,0.0399339872,2.46031746031746,0.0399339872,184030.718662446,
503,0.03649866581,0.03869589069,2.46520874751491,0.03869589069,178325.107816035,
502,0.03520061076,0.03739783564,2.47011952191235,0.03739783564,172343.185637352,
501,0.03377621621,0.03597344109,2.4750499001996,0.03597344109,165779.043885552,
500,0.03257099539,0.03476822027,2.48,0.03476822027,160224.936489746,
499,0.0313873589,0.03358458378,2.48496993987976,0.03358458378,154770.297743084,
498,0.03038549796,0.03258272284,2.48995983935743,0.03258272284,150153.348579841,
497,0.02955318801,0.03175041289,2.49496981891348,0.03175041289,146317.75366463,
496,0.02863328904,0.03083051392,2.5,0.03083051392,142078.515852034,
495,0.02780178748,0.02999901236,2.50505050505051,0.02999901236,138246.646299681,
494,0.02675306052,0.0289502854,2.51012145748988,0.0289502854,133413.721023202,
493,0.02658675238,0.02878397726,2.51521298174442,0.02878397726,132647.311038385,
492,0.02570268698,0.02789991186,2.52032520325203,0.02789991186,128573.207691485,
491,0.02524603158,0.02744325646,2.52545824847251,0.02744325646,126468.769158408,
490,0.02482247166,0.02701969654,2.53061224489796,0.02701969654,124516.846950294,
489,0.02446575835,0.02666298323,2.53578732106339,0.02666298323,122872.978872033,
488,0.02396466397,0.02616188885,2.54098360655738,0.02616188885,120563.748931951,
487,0.0233714208,0.02556864568,2.54620123203285,0.02556864568,117829.862972357,
486,0.02304930612,0.025246531,2.55144032921811,0.025246531,116345.438295321,
485,0.02256039344,0.02475761832,2.55670103092783,0.02475761832,114092.346175744,
484,0.02207126841,0.02426849329,2.56198347107438,0.02426849329,111838.275468107,
483,0.0216938667,0.02389109158,2.56728778467909,0.02389109158,110099.067520553,
482,0.02104559168,0.02324281656,2.57261410788382,0.02324281656,107111.57425513,
481,0.02051075548,0.02270798036,2.57796257796258,0.02270798036,104646.849414113,
480,0.01995237544,0.02214960032,2.58333333333333,0.02214960032,102073.62577047,
479,0.01926003955,0.02145726443,2.58872651356994,0.02145726443,98883.0835700533,
478,0.01847309619,0.02067032107,2.59414225941423,0.02067032107,95256.5548349652,
477,0.01797006838,0.02016729326,2.59958071278826,0.02016729326,92938.4149277761,
476,0.01715279184,0.01935001672,2.60504201680672,0.01935001672,89172.0995771728,
475,0.01643054187,0.01862776675,2.61052631578947,0.01862776675,85843.7021304728,
474,0.01573399641,0.01793122129,2.61603375527426,0.01793122129,82633.7606602441,
473,0.01513526589,0.01733249077,2.6215644820296,0.01733249077,79874.5869436576,
472,0.01421902701,0.01641625189,2.6271186440678,0.01641625189,75652.2161919368,
471,0.01365851983,0.01585574471,2.63269639065817,0.01585574471,73069.1898932039,
470,0.01283784397,0.01503506885,2.63829787234043,0.01503506885,69287.2092072202,
469,0.01248060539,0.01467783027,2.64392324093817,0.01467783027,67640.9204887385,
468,0.01182682998,0.01402405486,2.64957264957265,0.01402405486,64628.0793731352,
467,0.01122508943,0.01342231431,2.65524625267666,0.01342231431,61855.0343147937,
466,0.01065654587,0.01285377075,2.66094420600858,0.01285377075,59234.9733773848,
465,0.01023655571,0.01243378059,2.66666666666667,0.01243378059,57299.5019557895,
464,0.009685291909,0.011882516789,2.67241379310345,0.011882516789,54759.0725976456,
463,0.009360893629,0.011558118509,2.67818574514039,0.011558118509,53264.1242394395,
462,0.008798507974,0.010995732854,2.68398268398268,0.010995732854,50672.4412267525,
461,0.008587048389,0.010784273269,2.68980477223427,0.010784273269,49697.9565302779,
460,0.008133552037,0.010330776917,2.69565217391304,0.010330776917,47608.076069522,
459,0.007839302532,0.010036527412,2.70152505446623,0.010036527412,46252.0645197607,
458,0.0075284224,0.00972564728,2.70742358078603,0.00972564728,44819.4128332836,
457,0.007129339036,0.009326563916,2.71334792122538,0.009326563916,42980.2877312666,
456,0.007046719547,0.009243944427,2.71929824561404,0.009243944427,42599.5462876425,
455,0.006735406816,0.008932631696,2.72527472527473,0.008932631696,41164.9010235027,
454,0.00641178526,0.00860901014,2.73127753303965,0.00860901014,39673.5320994064,
453,0.006155062467,0.008352287347,2.73730684326711,0.008352287347,38490.4576456534,
452,0.006026062183,0.008223287063,2.74336283185841,0.008223287063,37895.9761867075,
451,0.005904342514,0.008101567394,2.74944567627494,0.008101567394,37335.0465192231,
450,0.005464174785,0.007661399665,2.75555555555556,0.007661399665,35306.5893282545,
449,0.005370732863,0.007567957743,2.76169265033408,0.007567957743,34875.9740738163,
448,0.005087228026,0.007284452906,2.76785714285714,0.007284452906,33569.4779647228,
447,0.004941578489,0.007138803369,2.77404921700224,0.007138803369,32898.2705335008,
446,0.004750856664,0.006948081544,2.78026905829596,0.006948081544,32019.3531756227,
445,0.004669447429,0.006866672309,2.78651685393258,0.006866672309,31644.1890341665,
444,0.004357296973,0.006554521853,2.79279279279279,0.006554521853,30205.6832205399,
443,0.004324562382,0.006521787262,2.79909706546275,0.006521787262,30054.8300067929,
442,0.004219654948,0.006416879828,2.80542986425339,0.006416879828,29571.3773934748,
441,0.003971068654,0.006168293534,2.81179138321995,0.006168293534,28425.7989641199,
440,0.003756828373,0.005954053253,2.81818181818182,0.005954053253,27438.4997825628,
439,0.003708134172,0.005905359052,2.8246013667426,0.005905359052,27214.0987288978,
438,0.003476357553,0.005673582433,2.8310502283105,0.005673582433,26145.9855562737,
437,0.003420885419,0.005618110299,2.83752860411899,0.005618110299,25890.349257433,
436,0.003323734505,0.005520959385,2.84403669724771,0.005520959385,25442.6415834511,
435,0.003144177608,0.005341402488,2.85057471264368,0.005341402488,24615.1763811858,
434,0.003119694768,0.005316919648,2.85714285714286,0.005316919648,24502.3503160716,
433,0.002971393056,0.005168617936,2.86374133949192,0.005168617936,23818.9206725064,
432,0.002934983699,0.005132208579,2.87037037037037,0.005132208579,23651.1327653989,
431,0.00262701977,0.00482424465,2.87703016241299,0.00482424465,22231.9200308393,
430,0.002775360132,0.004972585012,2.88372093023256,0.004972585012,22915.5277880308,
429,0.002688876353,0.004886101233,2.89044289044289,0.004886101233,22516.978253713,
428,0.00263550994,0.00483273482,2.89719626168224,0.00483273482,22271.0459032156,
427,0.002459100913,0.004656325793,2.903981264637,0.004656325793,21458.0872608752,
426,0.002637306927,0.004834531807,2.91079812206573,0.004834531807,22279.3270900498,
425,0.002484457567,0.004681682447,2.91764705882353,0.004681682447,21574.9401870587,
424,0.002406205051,0.004603429931,2.92452830188679,0.004603429931,21214.3233850224,
423,0.002545668976,0.004742893856,2.93144208037825,0.004742893856,21857.0252073246,
422,0.002416981617,0.004614206497,2.93838862559242,0.004614206497,21263.9858235803,
421,0.002212638734,0.004409863614,2.94536817102138,0.004409863614,20322.2975462813,
420,0.002443637466,0.004640862346,2.95238095238095,0.004640862346,21386.8259252576,
419,0.002148430562,0.004345655442,2.95942720763723,0.004345655442,20026.4023235483,
418,0.002210583305,0.004407808185,2.96650717703349,0.004407808185,20312.8253622459,
417,0.002188598504,0.004385823384,2.97362110311751,0.004385823384,20211.5111932545,
416,0.002285755938,0.004482980818,2.98076923076923,0.004482980818,20659.24891383,
415,0.002036531223,0.004233756103,2.98795180722892,0.004233756103,19510.7284022119,
414,0.002228926402,0.004426151282,2.9951690821256,0.004426151282,20397.3571999133,
413,0.002021447057,0.004218671937,3.00242130750605,0.004218671937,19441.2149350116,
412,0.002019626554,0.004216851434,3.00970873786408,0.004216851434,19432.8253776719,
411,0.002090032212,0.004287257092,3.01703163017032,0.004287257092,19757.2809291487,
410,0.002086312743,0.004283537623,3.02439024390244,0.004283537623,19740.1402276784,
409,0.00196041353,0.00415763841,3.03178484107579,0.00415763841,19159.9496613974,
408,0.002033332363,0.004230557243,3.03921568627451,0.004230557243,19495.9868613346,
407,0.002067689551,0.004264914431,3.04668304668305,0.004264914431,19654.3176077035,
406,0.001910256455,0.004107481335,3.05418719211823,0.004107481335,18928.8071383123,
405,0.002104572486,0.004301797366,3.06172839506173,0.004301797366,19824.2879390014,
404,0.002023241483,0.004220466363,3.06930693069307,0.004220466363,19449.4843198019,
403,0.001866370556,0.004063595436,3.07692307692308,0.004063595436,18726.5645349963,
402,0.001893174835,0.004090399715,3.08457711442786,0.004090399715,18850.0886575161,
401,0.001941561699,0.004138786579,3.09226932668329,0.004138786579,19073.0733875694,
400,0.001850980334,0.004048205214,3.1,0.004048205214,18655.6406475104,
399,0.001987405587,0.004184630467,3.1077694235589,0.004184630467,19284.3391350307,
398,0.00199936796,0.00419659284,3.11557788944724,0.00419659284,19339.4662148556,
397,0.0018200716,0.00401729648,3.12342569269521,0.00401729648,18513.2016643335,
396,0.001869542291,0.004066767171,3.13131313131313,0.004066767171,18741.1810737489,
395,0.002003736794,0.004200961674,3.13924050632911,0.004200961674,19359.5994326259,
394,0.00191933068,0.00411655556,3.14720812182741,0.00411655556,18970.6245541314,
393,0.001800784026,0.003998008906,3.15521628498728,0.003998008906,18424.3173241173,
392,0.001914390596,0.004111615476,3.16326530612245,0.004111615476,18947.8588031379,
391,0.001797716715,0.003994941595,3.17135549872123,0.003994941595,18410.1820101337,
390,0.001852696179,0.004049921059,3.17948717948718,0.004049921059,18663.5479017218,
389,0.001876353752,0.004073578632,3.18766066838046,0.004073578632,18772.5708284632,
388,0.001810713671,0.004007938551,3.19587628865979,0.004007938551,18470.076834588,
387,0.00187884958,0.00407607446,3.20413436692506,0.00407607446,18784.0725354728,
386,0.001867280458,0.004064505338,3.21243523316062,0.004064505338,18730.7577030397,
385,0.001826492371,0.004023717251,3.22077922077922,0.004023717251,18542.7909737,
384,0.001642044517,0.003839269397,3.22916666666667,0.003839269397,17692.7864159942,
383,0.001944525982,0.004141750862,3.23759791122715,0.004141750862,19086.7339100731,
382,0.001817914075,0.004015138955,3.24607329842932,0.004015138955,18503.258983822,
381,0.001684400602,0.003881625482,3.25459317585302,0.003881625482,17887.9790653843,
380,0.001932331128,0.004129556008,3.26315789473684,0.004129556008,19030.5354710251,
379,0.001899154624,0.004096379504,3.27176781002639,0.004096379504,18877.6457572269,
378,0.001812429284,0.004009654164,3.28042328042328,0.004009654164,18477.9830196567,
377,0.001873883884,0.004071108764,3.28912466843501,0.004071108764,18761.1887548234,
376,0.001727384515,0.003924609395,3.29787234042553,0.003924609395,18086.0649805396,
375,0.001710439916,0.003907664796,3.30666666666667,0.003907664796,18007.9779436555,
374,0.001813521027,0.004010745907,3.31550802139037,0.004010745907,18483.0141789016,
373,0.001999419881,0.004196644761,3.32439678284182,0.004196644761,19339.7054862035,
372,0.001798054669,0.003995279549,3.33333333333333,0.003995279549,18411.7394283094,
371,0.001808790024,0.004006014904,3.34231805929919,0.004006014904,18461.211951197,
370,0.001919070608,0.004116295488,3.35135135135135,0.004116295488,18969.4260452816,
369,0.001798314624,0.003995539504,3.36043360433604,0.003995539504,18412.9373979794,
368,0.001904562581,0.004101787461,3.3695652173913,0.004101787461,18902.5676416413,
367,0.002040354302,0.004237579182,3.37874659400545,0.004237579182,19528.3465772353,
366,0.001951494603,0.004148719483,3.3879781420765,0.004148719483,19118.8479167285,
365,0.00187689974,0.00407412462,3.3972602739726,0.00407412462,18775.0869449611,
364,0.001987015596,0.004184240476,3.40659340659341,0.004184240476,19282.5419109358,
363,0.001887351042,0.004084575922,3.41597796143251,0.004084575922,18823.2504455999,
362,0.00184853666,0.00404576154,3.42541436464088,0.00404576154,18644.3792855997,
361,0.002016037703,0.004213262583,3.43490304709141,0.004213262583,19416.2866126997,
360,0.002220938448,0.004418163328,3.44444444444444,0.004418163328,20360.5457263207,
359,0.001953106723,0.004150331603,3.45403899721448,0.004150331603,19126.2771674237,
358,0.002072553383,0.004269778263,3.46368715083799,0.004269778263,19676.7319610194,
357,0.002222915879,0.004420140759,3.4733893557423,0.004420140759,20369.6584664588,
356,0.002100384794,0.004297609674,3.48314606741573,0.004297609674,19804.9894911796,
355,0.00220363657,0.00440086145,3.49295774647887,0.00440086145,20280.8122144476,
354,0.002278495813,0.004475720693,3.50282485875706,0.004475720693,20625.7915479366,
353,0.002092555398,0.004289780278,3.51274787535411,0.004289780278,19768.9087120338,
352,0.002373200608,0.004570425488,3.52272727272727,0.004570425488,21062.2265925352,
351,0.002555485582,0.004752710462,3.53276353276353,0.004752710462,21902.2637918907,
350,0.002209100174,0.004406325054,3.54285714285714,0.004406325054,20305.9905410087,
349,0.00102816429,0.00322538917,3.55300859598854,0.00322538917,14863.7971948158,
348,0.001330270199,0.003527495079,3.5632183908046,0.003527495079,16256.0139866678,
347,0.001404901152,0.003602126032,3.57348703170029,0.003602126032,16599.941274626,
346,0.001405888004,0.003603112884,3.58381502890173,0.003603112884,16604.4890569915,
345,0.001424794435,0.003622019315,3.59420289855072,0.003622019315,16691.6169479994,
344,0.001510715112,0.003707939992,3.6046511627907,0.003707939992,17087.5714981194,
343,0.001603979617,0.003801204497,3.61516034985423,0.003801204497,17517.3691487994,
342,0.001726266928,0.003923491808,3.62573099415205,0.003923491808,18080.9147224963,
341,0.001661377028,0.003858601908,3.63636363636364,0.003858601908,17781.8778426795,
340,0.001946112141,0.004143337021,3.64705882352941,0.004143337021,19094.0435227902,
339,0.001662364462,0.003859589342,3.65781710914454,0.003859589342,17786.4283071182,
338,0.001707009505,0.003904234385,3.66863905325444,0.003904234385,17992.1693293422,
337,0.001779937651,0.003977162531,3.67952522255193,0.003977162531,18328.2494470595,
336,0.00161533372,0.0038125586,3.69047619047619,0.0038125586,17569.6930934232,
335,0.001738352003,0.003935576883,3.70149253731343,0.003935576883,18136.6072589365,
334,0.002039262094,0.004236486974,3.7125748502994,0.004236486974,19523.3132750969,
333,0.002195753157,0.004392978037,3.72372372372372,0.004392978037,20244.4825048036,
332,0.002093075542,0.004290300422,3.73493975903614,0.004290300422,19771.3057297333,
331,0.001939247595,0.004136472475,3.74622356495468,0.004136472475,19062.4091325816,
330,0.002210062928,0.004407287808,3.75757575757576,0.004407287808,20310.4272707954,
329,0.002011486562,0.004208711442,3.76899696048632,0.004208711442,19395.313256226,
328,0.001974793617,0.004172018497,3.78048780487805,0.004172018497,19226.2184697632,
327,0.002219871851,0.004417096731,3.79204892966361,0.004417096731,20355.6304492297,
326,0.002226194367,0.004423419247,3.80368098159509,0.004423419247,20384.7669628818,
325,0.00228695292,0.0044841778,3.81538461538462,0.0044841778,20664.765053668,
324,0.002479198854,0.004676423734,3.82716049382716,0.004676423734,21550.7060747027,
323,0.002380670514,0.004577895394,3.8390092879257,0.004577895394,21096.6507075788,
322,0.002485368866,0.004682593746,3.85093167701863,0.004682593746,21579.1397929995,
321,0.002565536648,0.004762761528,3.86292834890966,0.004762761528,21948.5828556506,
320,0.00244910433,0.00464632921,3.875,0.00464632921,21412.0192751155,
319,0.002631473122,0.004828698002,3.8871473354232,0.004828698002,22252.4427391006,
318,0.002824158175,0.005021383055,3.89937106918239,0.005021383055,23140.4073843916,
317,0.002849901095,0.005047125975,3.91167192429022,0.005047125975,23259.0403684796,
316,0.003028137377,0.005225362257,3.92405063291139,0.005225362257,24080.419683896,
315,0.003171477932,0.005368702812,3.93650793650794,0.005368702812,24740.986464218,
314,0.003198832273,0.005396057153,3.94904458598726,0.005396057153,24867.0454777484,
313,0.003281218233,0.005478443113,3.96166134185304,0.005478443113,25246.7107325741,
312,0.003476592479,0.005673817359,3.97435897435897,0.005673817359,26147.0681829695,
311,0.003415249754,0.005612474634,3.9871382636656,0.005612474634,25864.3780095609,
310,0.003816417418,0.006013642298,4,0.006013642298,27713.1083439578,
309,0.003748081159,0.005945306039,4.01294498381877,0.005945306039,27398.1893554909,
308,0.004079547711,0.006276772591,4.02597402597403,0.006276772591,28925.7109493558,
307,0.004086759873,0.006283984753,4.03908794788274,0.006283984753,28958.9472838425,
306,0.004286575131,0.006483800011,4.05228758169935,0.006483800011,29879.7705751732,
305,0.004553312901,0.006750537781,4.0655737704918,0.006750537781,31108.9977811037,
304,0.004576071631,0.006773296511,4.07894736842105,0.006773296511,31213.8785038016,
303,0.004790821113,0.006988045993,4.09240924092409,0.006988045993,32203.5242736296,
302,0.004905605223,0.007102830103,4.10596026490066,0.007102830103,32732.4922964954,
301,0.005066118669,0.007263343549,4.11960132890365,0.007263343549,33472.1981684491,
300,0.005478881299,0.007676106179,4.13333333333333,0.007676106179,35374.3624340775,
299,0.005518545397,0.007715770277,4.14715719063545,0.007715770277,35557.1494025683,
298,0.005675823428,0.007873048308,4.16107382550336,0.007873048308,36281.9452745604,
297,0.005819883198,0.008017108078,4.17508417508417,0.008017108078,36945.8264660545,
296,0.005708975252,0.007906200132,4.18918918918919,0.007906200132,36434.7212537065,
295,0.005638583563,0.007835808443,4.20338983050847,0.007835808443,36110.3300765958,
294,0.005398042966,0.007595267846,4.21768707482993,0.007595267846,35001.8292221305,
293,0.005461946595,0.007659171475,4.2320819112628,0.007659171475,35296.3209970467,
292,0.005425957032,0.007623181912,4.24657534246575,0.007623181912,35130.4676573823,
291,0.005282918923,0.007480143803,4.26116838487973,0.007480143803,34471.2946611184,
290,0.005418408196,0.007615633076,4.27586206896552,0.007615633076,35095.6798034375,
289,0.005381714553,0.007578939433,4.29065743944637,0.007578939433,34926.5818003302,
288,0.005361219868,0.007558444748,4.30555555555556,0.007558444748,34832.1346420632,
287,0.00532806851,0.00752529339,4.3205574912892,0.00752529339,34679.360810419,
286,0.005250637885,0.007447862765,4.33566433566434,0.007447862765,34322.5315888873,
285,0.004995123949,0.007192348829,4.35087719298246,0.007192348829,33145.0279994048,
284,0.00502099609,0.00721822097,4.36619718309859,0.00721822097,33264.2564820935,
283,0.00491181016,0.00710903504,4.38162544169611,0.00710903504,32761.0869622282,
282,0.00489474088,0.00709196576,4.39716312056738,0.00709196576,32682.425348758,
281,0.00484450534,0.00704173022,4.41281138790036,0.00704173022,32450.9212296653,
280,0.004723011982,0.006920236862,4.42857142857143,0.006920236862,31891.034487741,
279,0.004804012831,0.007001237711,4.44444444444444,0.007001237711,32264.3166340762,
278,0.004732406698,0.006929631578,4.46043165467626,0.006929631578,31934.3288457136,
277,0.004797966685,0.006995191565,4.47653429602888,0.006995191565,32236.4537365412,
276,0.004879400134,0.007076625014,4.49275362318841,0.007076625014,32611.7294651475,
275,0.004835972097,0.007033196977,4.50909090909091,0.007033196977,32411.5968608276,
274,0.004809823353,0.007007048233,4.52554744525547,0.007007048233,32291.0936882709,
273,0.004881075583,0.007078300463,4.54212454212454,0.007078300463,32619.4505595127,
272,0.004772003274,0.006969228154,4.55882352941176,0.006969228154,32116.8046476253,
271,0.00482516177,0.00702238665,4.57564575645756,0.00702238665,32361.7788389802,
270,0.004737771582,0.006934996462,4.59259259259259,0.006934996462,31959.0522336667,
269,0.004528462887,0.006725687767,4.60966542750929,0.006725687767,30994.4796411472,
268,0.004517241381,0.006714466261,4.62686567164179,0.006714466261,30942.7667529922,
267,0.004513579421,0.006710804301,4.64419475655431,0.006710804301,30925.8910744596,
266,0.004544104915,0.006741329795,4.66165413533835,0.006741329795,31066.5639446694,
265,0.00440928014,0.00660650502,4.67924528301887,0.00660650502,30445.2410571629,
264,0.00437123375,0.00656845863,4.6969696969697,0.00656845863,30269.9090909571,
263,0.004400912207,0.006598137087,4.7148288973384,0.006598137087,30406.6784985083,
262,0.004374031443,0.006571256323,4.73282442748092,0.006571256323,30282.8019045599,
261,0.004247388802,0.006444613682,4.75095785440613,0.006444613682,29699.1853445651,
260,0.004159173928,0.006356398808,4.76923076923077,0.006356398808,29292.6582783438,
259,0.004446075298,0.006643300178,4.78764478764479,0.006643300178,30614.8068792814,
258,0.004395107273,0.006592332153,4.8062015503876,0.006592332153,30379.9271959034,
257,0.00429154234,0.00648876722,4.82490272373541,0.00648876722,29902.6613282913,
256,0.004331778269,0.006529003149,4.84375,0.006529003149,30088.0835074701,
255,0.004526945762,0.006724170642,4.86274509803922,0.006724170642,30987.4881628694,
254,0.00448538363,0.00668260851,4.88188976377953,0.00668260851,30795.954345252,
253,0.004526056349,0.006723281229,4.90118577075099,0.006723281229,30983.3894157857,
252,0.004681117367,0.006878342247,4.92063492063492,0.006878342247,31697.9684643579,
251,0.00491181016,0.00710903504,4.9402390438247,0.00710903504,32761.0869622282,
250,0.005000230391,0.007197455271,4.96,0.007197455271,33168.5603901566,
249,0.005219355226,0.007416580106,4.97991967871486,0.007416580106,34178.3694197403,
248,0.005360223819,0.007557448699,5,0.007557448699,34827.5444764889,
247,0.00573391933,0.00793114421,5.02024291497976,0.00793114421,36549.6728756851,
246,0.00609546667,0.00829269155,5.04065040650407,0.00829269155,38215.8179685221,
245,0.006540637463,0.008737862343,5.06122448979592,0.008737862343,40267.3311458319,
244,0.006936523598,0.009133748478,5.08196721311475,0.009133748478,42091.7222232285,
243,0.007373710629,0.009570935509,5.10288065843621,0.009570935509,44106.4432452463,
242,0.007890070789,0.010087295669,5.12396694214876,0.010087295669,46486.0235976298,
241,0.008289695717,0.010486920597,5.14522821576764,0.010486920597,48327.6444287015,
240,0.008867406286,0.011064631166,5.16666666666667,0.011064631166,50989.9503652337,
239,0.009447976016,0.011645200896,5.18828451882845,0.011645200896,53665.432382856,
238,0.009997693822,0.012194918702,5.21008403361345,0.012194918702,56198.7372189863,
237,0.01051782165,0.01271504653,5.23206751054852,0.01271504653,58595.6803918227,
236,0.01118235011,0.01337957499,5.25423728813559,0.01337957499,61658.0755754784,
235,0.01177208964,0.01396931452,5.27659574468085,0.01396931452,64375.8154541939,
234,0.01266049407,0.01485771895,5.2991452991453,0.01485771895,68469.9146709082,
233,0.01338992361,0.01558714849,5.32188841201717,0.01558714849,71831.3982559938,
232,0.01427322067,0.01647044555,5.3448275862069,0.01647044555,75901.9608053859,
231,0.01517710928,0.01737433416,5.36796536796537,0.01737433416,80067.4169031206,
230,0.01588398404,0.01808120892,5.39130434782609,0.01808120892,83324.9596432341,
229,0.01684935577,0.01904658065,5.41484716157205,0.01904658065,87773.7529069408,
228,0.01773573272,0.0199329576,5.43859649122807,0.0199329576,91858.5087390438,
227,0.01867218502,0.0208694099,5.4625550660793,0.0208694099,96174.0304749275,
226,0.01975936256,0.02195658744,5.48672566371681,0.02195658744,101184.150375999,
225,0.02095395327,0.02315117815,5.51111111111111,0.02315117815,106689.270257161,
224,0.02265370823,0.02485093311,5.53571428571429,0.02485093311,114522.375558473,
223,0.02426917106,0.02646639594,5.56053811659193,0.02646639594,121967.031262108,
222,0.02616900392,0.0283662288,5.58558558558559,0.0283662288,130722.17020712,
221,0.02833452076,0.03053174564,5.61085972850679,0.03053174564,140701.680100408,
220,0.03030063771,0.03249786259,5.63636363636364,0.03249786259,149762.280873148,
219,0.03219665587,0.03439388075,5.662100456621,0.03439388075,158499.840256697,
218,0.03388507292,0.0360822978,5.68807339449541,0.0360822978,166280.696236773,
217,0.03536227718,0.03755950206,5.71428571428571,0.03755950206,173088.204843853,
216,0.03693735227,0.03913457715,5.74074074074074,0.03913457715,180346.738766557,
215,0.03877606988,0.04097329476,5.76744186046512,0.04097329476,188820.235827867,
214,0.04037129506,0.04256851994,5.79439252336449,0.04256851994,196171.628886455,
213,0.04250083491,0.04469805979,5.82159624413146,0.04469805979,205985.343381156,
212,0.04531433061,0.04751155549,5.84905660377358,0.04751155549,218950.981724043,
211,0.04886142164,0.05105864652,5.87677725118483,0.05105864652,235297.301167247,
210,0.05347842723,0.05567565211,5.90476190476191,0.05567565211,256574.186256153,
209,0.05929438025,0.06149160513,5.93301435406699,0.06149160513,283376.268618157,
208,0.06636533886,0.06856256374,5.96153846153846,0.06856256374,315961.885178647,
207,0.0751921162,0.07738934108,5.99033816425121,0.07738934108,356638.96981881,
206,0.08634702116,0.08854424604,6.01941747572816,0.08854424604,408044.935522132,
205,0.09999189526,0.10218912014,6.04878048780488,0.10218912014,470925.60842127,
204,0.1164785475,0.11867577238,6.07843137254902,0.11867577238,546902.255703439,
203,0.1360745877,0.13827181258,6.10837438423645,0.13827181258,637208.123306466,
202,0.1588519216,0.16104914648,6.13861386138614,0.16104914648,742174.579719601,
201,0.1851238906,0.18732111548,6.16915422885572,0.18732111548,863245.619070951,
200,0.2150638849,0.21726110978,6.2,0.21726110978,1001220.28812124,
